base_dice,base_bf1,base_hd95,tta2_dice,tta2_bf1,tta2_hd95,tta4_dice,tta4_bf1,tta4_hd95,tta8_dice,tta8_bf1,tta8_hd95
0.43158445,0.13801438297723154,131.18307817702708,0.5404173,0.23118660060795293,100.26464980241042,0.5194142,0.15736693236982008,107.89810007595129,0.46386397,0.16549975191222607,116.21101496846157
0.85858405,0.6603067404800449,14.866068747318506,0.8700367,0.6433566433388762,13.038404810405298,0.86324024,0.6354451798955344,14.317821063276353,0.84068537,0.6036163048363273,16.1245154965971
0.9373728,0.5948784464543837,45.5411901469428,0.9549948,0.6480351341108325,9.055385138137417,0.9566772,0.6606415458161258,7.615773105863909,0.9594588,0.6768964526186566,6.082762530298219
0.8286958,0.37109522830697395,40.792156108742276,0.88034105,0.49463421401504787,18.788294228055936,0.9207582,0.6804722577342174,15.264337522473747,0.91046727,0.554250287603015,17.4928556845359
0.76963574,0.18582664961519657,33.24154027718932,0.70931697,0.1722723543860433,32.526911934581186,0.66677386,0.20683126922399903,36.05551275463989,0.6740787,0.18210023659187516,33.24154027718932
0.92621404,0.4645368530465535,28.160255680657446,0.92192245,0.4475749816719546,29.017236257093817,0.9225476,0.45278497457598454,28.0178514522438,0.9217282,0.47211056590275785,28.0
0.53617173,0.11270619883973586,129.07362240210043,0.56766355,0.10894705984549966,112.17842929904127,0.53363764,0.16217434364415176,30.23243291566195,0.5413941,0.15005154308745655,29.206163733020468
0.7243393,0.29013549247872295,82.365041127896,0.7958646,0.3279193380799552,79.40403012442127,0.78857315,0.3652954615261619,78.2368199762746,0.7913581,0.3719382113426959,77.6659513557904
0.5236878,0.2603999228401142,146.2942240828393,0.5188902,0.2222973734605757,146.2942240828393,0.56404495,0.24970273483512917,153.05554547287727,0.59798396,0.2785985128229269,152.73833834371774
0.7473871,0.32853562163879046,68.35202996254024,0.78382295,0.44286640010289197,65.7875368135941,0.77006793,0.38491376082361706,66.48308055437865,0.7960973,0.3788863712307987,61.39218191268331
0.7511784,0.4108414474574117,28.178005607210743,0.78332126,0.4825446082160471,26.419689627245813,0.8040082,0.47652319730958803,27.294688127912362,0.7791788,0.4850653152430605,26.419689627245813
0.9471582,0.6615731897785391,8.246211251235321,0.9557334,0.7266215202991695,84.21995013059554,0.96200067,0.7880237395683676,5.0,0.9610711,0.778453145457764,5.0
0.82174957,0.35558780627962794,43.60045871318328,0.85297966,0.36029028485394676,39.824615503479755,0.8465677,0.36033383870110913,40.70626487409524,0.80723065,0.2539170834601726,39.6232255123179
0.8570419,0.3161512027447469,82.37718130647589,0.8851002,0.3743983276891405,21.95449840010015,0.9207193,0.4616144649664686,15.297058540778355,0.93274176,0.5177698245821096,9.0
0.767638,0.30340817785820645,71.11961754677819,0.7867787,0.30392083997192815,68.15423684555495,0.7812802,0.32964768593999144,65.55150646628954,0.800853,0.36405987638544896,64.5600495662759
0.7923381,0.31561491840521727,63.25345840347388,0.8256556,0.33807923126809886,54.378304497290095,0.7982098,0.33299127816976215,56.61271941887264,0.805746,0.3298060315667486,54.70831746635972
0.70017135,0.17347440739426628,130.0,0.786551,0.290183057358633,65.43699259593154,0.77066666,0.366088631977532,64.62197768561404,0.73746246,0.3637609179579915,60.92618484691127
0.9137948,0.5718154745749259,235.84104816592043,0.89667445,0.5865535356097974,19.849433241279208,0.9100089,0.5958483458772742,11.180339887498949,0.9154288,0.5949446856061177,10.295630140987
0.93494,0.4198122515681656,26.832815729997478,0.94474316,0.573120950506891,35.22782990761707,0.9426547,0.584810355663863,41.340053217188775,0.943494,0.6168597153165416,38.600518131237564
0.93144816,0.4438790333657061,90.95603333479313,0.92700684,0.46385411928890075,84.11896337925236,0.9398408,0.5342107374919717,7.211102550927978,0.93096745,0.4293794125605993,8.0
0.8349981,0.293131154584678,67.77905281132217,0.82130325,0.27175780495340807,68.54195795277518,0.8230178,0.24935011113896932,68.15423684555495,0.78350675,0.2402235127689565,66.73080248281148
0.79786307,0.19809866234671017,144.0,0.9081663,0.4773770769140878,145.82523787054146,0.92132,0.47381142667275117,82.87339742040264,0.9251325,0.5576069026713684,83.93449827097318
0.49362725,0.12775260173439437,190.18412131405714,0.568197,0.19206795465533769,188.16216410320115,0.5533234,0.24580975658530776,97.01546268507923,0.5549831,0.2614817407130242,83.64807230295268
0.9501594,0.5048571930660318,13.92838827718412,0.95356464,0.5349260211415179,15.0,0.95396614,0.5466760989411267,16.1245154965971,0.956574,0.5598001171344511,15.556349186104045
0.93798894,0.4668324151031898,13.0,0.9418543,0.5272674573084137,15.0,0.9435224,0.5856767186838928,15.231546211727817,0.9391087,0.6097524060667504,17.804493814764857
0.92911285,0.5442278860488121,14.142135623730951,0.90771145,0.5175423738304059,19.924858845171276,0.91266215,0.5137022813238911,18.027756377319946,0.9163237,0.529257067710545,18.681541692269406
0.9566598,0.6123287452822329,18.867962264113206,0.95597935,0.5819516441261842,17.0,0.9571608,0.6028492476840367,16.0,0.96050334,0.5674239433025197,14.866068747318506
0.17581506,0.08277541083316207,101.24228365658294,0.08456142,0.03594351732964912,110.0,0.10347117,0.012098650535020022,106.0,0.051924013,0.0,111.40017953306898
0.84341717,0.4313620290068598,11.180339887498949,0.85028315,0.4342086586092181,10.295630140987,0.86087555,0.48666313370599945,10.198039027185569,0.8765374,0.5813216947779423,9.486832980505138
0.60966814,0.29380516450048444,106.92053123698928,0.63149107,0.37558976322023757,108.18964830333815,0.6264968,0.4260673150459509,109.20164833920778,0.65434694,0.335454475978809,107.56393447619885
0.6895075,0.21401887928675503,73.348483283569,0.69840515,0.20183063485158986,19.924858845171276,0.7381395,0.1858511850193279,12.083045973594572,0.78602225,0.23711943793189094,13.038404810405298
0.0016386727,0.0,243.232399157678,0.0032223416,0.0,196.6214637317096,0.012012012,0.0,195.88006534611938,0.0043956046,0.0,180.34688796871433
0.57441705,0.2839395199644052,61.40032573203501,0.58103335,0.29431709742981316,62.625873247404705,0.52265316,0.2204673441609462,82.15229759416349,0.51175135,0.19949281487405757,78.00640999302557
0.8672431,0.6031234735686994,80.52328855678958,0.8204851,0.6106299855817967,78.74642849044012,0.8263161,0.5933970242138383,42.01190307520001,0.78348213,0.547365249153139,48.104053883222775
0.6786618,0.4498672331287655,94.93682109698007,0.6341761,0.43296530569087893,95.34149149242423,0.6612004,0.44341085269942915,93.77632963600144,0.65895593,0.5026887147240268,93.77632963600144
0.92503715,0.41678793516303364,20.591260281974,0.9229543,0.4200762774863989,22.67156809750927,0.919862,0.39099752049941855,23.430749027719962,0.91871923,0.38239063419639113,23.430749027719962
0.0,0.0,66.21933252457322,0.0,0.0,68.65857557508748,0.0,0.0,100.62305898749054,0.0,0.0,65.7875368135941
0.9199421,0.5563743349218219,107.22872749408155,0.94173336,0.6888718441159589,102.77159140540736,0.94369143,0.7249501647453278,8.06225774829855,0.9417978,0.7231867283789193,7.0710678118654755
0.39143535,0.1920086832612646,182.8578683021324,0.53574365,0.14678168546505424,167.90771274721124,0.612599,0.1463492762592819,166.41213898030395,0.60453665,0.15402416814805214,165.94577427581578
0.6461216,0.2595175766297564,70.8590149522275,0.8178954,0.35307588046770927,57.56735185849702,0.822058,0.3298959022913671,58.137767414994535,0.8157077,0.24389581981769792,58.137767414994535
0.4352173,0.2343836274402142,155.24174696260025,0.746114,0.38140529250724614,150.2165104108067,0.8500206,0.6191016808876576,52.478567053607705,0.850636,0.6048260176052432,152.16109883935513
0.8544297,0.16627344063834165,52.92447448959697,0.8826596,0.23932981082180615,13.892443989449804,0.89533526,0.3000628450166457,13.341664064126334,0.8965316,0.32189529995744226,13.038404810405298
0.82320184,0.5385683813556738,21.93171219946131,0.89146006,0.6447814945464351,9.0,0.879062,0.7112080624577419,12.806248474865697,0.8732965,0.6331624282037182,71.5122367151245
0.88468707,0.1649940734872012,99.20181449953424,0.91152674,0.3217434083655421,123.10970717209915,0.9060995,0.31275053551304544,123.10970717209915,0.89902663,0.26409594289549704,123.10970717209915
0.86056596,0.4160395716818214,62.81719509815764,0.9128751,0.6170911208623903,12.806248474865697,0.932822,0.7230989956785486,9.848857801796104,0.90144205,0.40399647615556894,8.94427190999916
0.6871914,0.26189986716050456,67.88225099390856,0.7525469,0.3164314688862903,63.25345840347388,0.73663735,0.2739999500869471,65.29931086925804,0.7442482,0.27056590830716476,65.29931086925804
0.9092497,0.3073280390276518,18.35755975068582,0.9362829,0.3611169728018764,15.620499351813308,0.9375304,0.38681416378672406,21.95449840010015,0.9430713,0.4086690023889175,19.6468827043885
0.74038464,0.25678078057961184,48.0,0.7855686,0.24990409381830095,63.0317380372777,0.78746974,0.2979327368032378,61.00819617067857,0.5723532,0.055471887549353775,64.03124237432849
0.54447234,0.3548234112513817,67.60177512462228,0.54285717,0.39460004242678914,70.80254232723568,0.51876694,0.3686313394880847,72.069410986909,0.46675605,0.28805906460495356,74.06078584514209
0.85020244,0.2209837858265817,19.026297590440446,0.8947616,0.37454405285063236,18.439088914585774,0.82500315,0.27467662281507876,23.53720459187964,0.7715258,0.1731557968894113,68.0
0.7436282,0.342270069299817,33.83784863137726,0.8324233,0.44608223428442084,25.059928172283335,0.8548609,0.4350781522888492,22.20360331117452,0.87547684,0.3719000745935134,16.0
0.93216497,0.3965592119088092,15.0,0.92521286,0.3496092161592928,15.0,0.9323411,0.4206613987642851,15.0,0.93836606,0.42277141599500306,13.341664064126334
0.74380314,0.20793534687669746,59.77457653551382,0.8005792,0.24381287640415086,51.478150704935004,0.7388962,0.2170280135429891,51.478150704935004,0.7541248,0.19717657949363085,51.478150704935004
0.840392,0.35900224312608914,34.828149534535996,0.8923434,0.4234176343642994,31.400636936215164,0.8901837,0.46333822353789395,31.400636936215164,0.8716209,0.35734272111661725,33.24154027718932
0.5787761,0.266066451179188,86.64871608973787,0.6256201,0.23708801548202654,85.38149682454625,0.6103696,0.2425307472127201,60.83584469702052,0.62428874,0.2549582851687398,60.81118318204309
0.8912389,0.35344441632300755,46.95742752749558,0.8844566,0.3804398022168201,22.20360331117452,0.87216914,0.38244146761599906,21.93171219946131,0.87418854,0.40355953063152283,34.539832078341085
0.78216726,0.31097185610296846,102.45974819410792,0.77659476,0.26824607042929455,97.98979538707079,0.83892554,0.38974346695985945,81.30190649671138,0.8429535,0.4353369763126532,76.27581530209953
0.6940311,0.21278776747506112,50.20956084253277,0.57236934,0.11086956521498109,46.010868281309364,0.58762306,0.1718754593793113,47.50789408087881,0.6068769,0.2461068118796344,46.61544808322666
0.815282,0.3191183516979481,69.26037828369117,0.8544645,0.4507269089785816,51.97114584074513,0.86393833,0.46870684055315287,50.99019513592785,0.8611278,0.41652048219349247,49.39635614091387
0.53248566,0.14224261542707642,44.181444068749045,0.565279,0.24372320881514115,48.27007354458868,0.52444136,0.23209533394880297,57.245087125446844,0.4793436,0.15447640758635425,61.26989472816156
0.78758556,0.38116901186099894,81.8413098624405,0.80474675,0.4123902330498523,94.89467845985885,0.80840015,0.4442454097536986,93.15041599477696,0.8051552,0.4769838552680993,23.769728648009426
0.9398715,0.6400456059516691,12.083045973594572,0.94248784,0.6276456294886792,12.041594578792296,0.9427229,0.6722970747591916,11.313708498984761,0.9365016,0.647626635982117,14.142135623730951
0.86820555,0.2893715449947637,39.45883931389772,0.89271206,0.4204096385791078,35.22782990761707,0.87426585,0.32255087946228483,36.138621999185304,0.825962,0.23470636590209432,72.73238618387272
0.50438595,0.1996536743861955,110.90987332063814,0.5312404,0.2745673217851801,30.14962686336267,0.53843796,0.30609948232039014,35.05709628591621,0.5665365,0.3199498878423587,35.014282800023196
0.840201,0.41192191742247497,25.709920264364882,0.88948184,0.5398058252357307,18.0,0.896018,0.5265697779610373,18.0,0.9071268,0.5483870967668227,10.295630140987
0.8242132,0.3584024413617422,209.74508337503408,0.85586494,0.3947681331654039,10.63014581273465,0.8394366,0.40505501687654516,12.806248474865697,0.8460301,0.3832335329248943,12.083045973594572
0.8056797,0.3175988709182469,42.720018726587654,0.8417933,0.3714435897564129,41.7612260356422,0.8420172,0.3869042394387644,29.546573405388315,0.8444207,0.38663587442957,29.546573405388315
0.92828363,0.41139589623289674,33.1058907144937,0.94641924,0.5032413075031918,26.92582403567252,0.95208293,0.46130786809948043,12.649110640673518,0.93085885,0.32287138392226317,14.317821063276353
0.5767423,0.1419337881249363,60.728905802755904,0.6591254,0.1368405584109912,63.56099432828282,0.6416421,0.11257801998389594,65.19202405202648,0.72652644,0.1747538904126114,65.92419889539804
0.62185216,0.15920685721402178,100.43903623591775,0.65921533,0.2229590509074659,67.446274915669,0.65243435,0.24041482945408768,102.83968105745953,0.62821364,0.2105399624016334,110.16351483136329
0.3077857,0.23841276334020817,79.39773296511683,0.33690795,0.2895940959332298,74.27651041883968,0.33348274,0.2872258064437929,76.36753236814714,0.34887838,0.304582210234484,75.66372975210778
0.62815636,0.2736802505984192,87.5728268357257,0.84818745,0.4320712694781276,78.00640999302557,0.8805178,0.5284015851907952,16.55294535724685,0.8743953,0.5013682564370868,16.55294535724685
0.6499588,0.35722185356544844,50.695167422546305,0.7210356,0.32884615383982985,41.23105625617661,0.64183724,0.37496526585162054,50.695167422546305,0.57504195,0.35758841253121215,67.1863081289633
0.46201587,0.29590859919884205,40.44749683231337,0.4334601,0.2794107014694326,42.20189569201838,0.41659886,0.2767175572466275,43.18564576337837,0.43311933,0.32556204153295204,43.829214001622255
0.014489572,0.0,156.08010763707205,0.0,0.0,155.97435686676192,0.0,0.0,168.40427548016706,0.0,0.0,
0.38998115,0.15774667035595583,72.00694410957877,0.30823106,0.1185156797826109,80.49844718999243,0.29933426,0.13519972686831547,99.20181449953424,0.29788822,0.14517067989289817,99.46356116689167
0.5079608,0.38735431442779267,189.0026454841307,0.7391812,0.41323746627457064,115.16944039110375,0.75215346,0.4439191850940425,111.31936040060597,0.68568593,0.4630253964378853,109.41663493271945
0.83078516,0.537352185803401,103.73041983911952,0.9200114,0.7826787103503859,86.27861844049197,0.8399481,0.6921985815406468,88.40814442120137,0.8186633,0.7048927186735237,88.81441324469807
0.77168113,0.18462661152869136,189.50989420080418,0.78764856,0.2232194504128344,58.18934610390462,0.7895149,0.21436907883640888,57.245087125446844,0.81854427,0.23405435385209036,41.0
0.7855002,0.45875557153869584,73.53910524340094,0.8476333,0.45816640694628225,56.32051136131489,0.7262295,0.5336556477164548,26.019223662515376,0.6150172,0.4645738268520361,58.69412236331676
0.81260777,0.31081877398508134,16.492422502470642,0.88034624,0.357512008263714,16.76305461424021,0.8824363,0.4114348448420626,16.1245154965971,0.8180415,0.34129502032987474,20.591260281974
0.8948563,0.5115842890416477,132.015150645674,0.934233,0.629553912281058,132.00378782444085,0.9376683,0.6519930313292188,126.14277624977183,0.9174131,0.5818786367318333,131.00381673829202
0.72240007,0.35785781645106773,52.80151512977634,0.81399286,0.40549828178136765,50.32891812864648,0.774316,0.466701126840678,49.040799340956916,0.81980234,0.559899445800333,49.39635614091387
0.8041482,0.33752673382524606,59.20304046246274,0.7227624,0.3595021692971386,61.40032573203501,0.6432334,0.28076549887199126,59.20304046246274,0.67197746,0.399399264649381,49.678969393496885
0.9346354,0.5165606968412656,18.24828759089466,0.92981935,0.5144404332083162,21.93171219946131,0.9275766,0.5144739564748866,21.400934559032695,0.9224629,0.5097827090735214,26.076809620810597
0.8842317,0.3942568775681666,15.297058540778355,0.90205264,0.40436172028735856,12.0,0.91001534,0.4200384168251152,10.0,0.9119274,0.4656862745021947,12.0
0.30641165,0.18627395234813665,173.216627377397,0.31648883,0.17127641710561614,172.42969581832475,0.38607657,0.21067073845083176,170.41420128616042,0.4671646,0.23439948189447746,169.29264603047588
0.8640498,0.26813186812793943,20.591260281974,0.89568704,0.46409229007270386,16.15549442140351,0.91092837,0.4816514766646386,16.1245154965971,0.90478873,0.510399152825783,17.46424919657298
0.89700776,0.5394828377264376,72.01388754955533,0.9122021,0.43633509486731886,71.11258679024411,0.9210256,0.47362678754134274,71.11258679024411,0.9329947,0.519124221088939,71.11258679024411
0.8780843,0.3604378558414674,21.470910553583888,0.8815534,0.34292879231081413,21.470910553583888,0.8798186,0.33229156981661984,21.470910553583888,0.87987626,0.34561626429039877,21.470910553583888
0.93995774,0.6383586906272648,7.0,0.94918656,0.7468851002775705,5.385164807134504,0.9502639,0.7412327824175612,6.4031242374328485,0.94869673,0.7608463346704987,7.0
0.71603984,0.13581597135450674,38.0,0.8903197,0.33227587069633807,26.570660511172846,0.84541285,0.3380733496293636,30.01666203960727,0.8436802,0.36796412825973135,32.28002478313795
0.54053605,0.0335664335659641,156.46405337968207,0.5903745,0.04077152265890564,136.74063039199433,0.6428378,0.06920415224790613,42.485291572496,0.6800631,0.11285266457503366,24.020824298928627
0.8093604,0.3355478062285646,73.17103251970687,0.68944335,0.3028668685442517,75.05997601918082,0.7071446,0.2831417004005711,68.18357573492314,0.7583032,0.33299469850979907,57.8013840664737
0.54700273,0.149826871653833,132.51792331605563,0.5973498,0.20964892808624389,116.73045875006231,0.6330458,0.24079133301725245,102.0,0.65339315,0.19497907949627633,92.77930803794561
0.16381378,0.06118943377219452,197.0406049523803,0.10320769,0.03399214608780553,192.92485583770693,0.11406317,0.03043735581497464,193.5355264544471,0.11478204,0.0301706609996395,171.73234989366446
0.076861486,0.07266855066290127,165.0969412193939,0.051282052,0.009523809522902495,160.01562423713506,0.036890645,0.0,15.652475842498529,0.0,0.0,
0.6059931,0.2221789989195218,73.92563831310488,0.60891885,0.15692821368674076,69.46221994724903,0.5669547,0.13455574111107743,81.02468759581859,0.48131186,0.03730258926607538,94.36630754670864
0.0,0.0,,0.0,0.0,,0.0,0.0,,0.0,0.0,
0.8638698,0.45474293989203846,70.11419257183242,0.9033402,0.5078869190154338,70.06425622241343,0.9468245,0.6972972483114204,66.0,0.9705011,0.8815844292985902,4.47213595499958
0.51940817,0.21009654786110862,120.5404496424333,0.5124165,0.26121142210987536,120.5404496424333,0.50676715,0.2669551978662178,98.49365461794989,0.4575725,0.2201505192976264,97.24710792614863
0.75377345,0.20166209795491616,81.34494452638098,0.74369,0.2041808080479806,74.24957912338628,0.76070434,0.22311921088084147,76.32168761236873,0.76585555,0.22916232089209404,78.60025445251433
0.0,0.0,136.75159962501354,0.0,0.0,,0.0,0.0,,0.0,0.0,
0.8711314,0.3557419466494444,21.400934559032695,0.84299845,0.3074426153449396,22.561028345356956,0.743481,0.3024258760062303,41.7612260356422,0.7716544,0.33350928788162415,40.52159917870962
0.9344915,0.6654065098263701,8.602325267042627,0.94149613,0.6873866790619607,8.602325267042627,0.9436428,0.6693950061450511,8.48528137423857,0.94668496,0.7675549428436554,9.486832980505138
0.92654175,0.5279512124223237,61.1310068623117,0.9403825,0.5842923604227136,61.032778078668514,0.9498713,0.6765944190816274,60.40695324215582,0.9478319,0.6418164035676015,60.40695324215582
0.74458617,0.27262080523763327,66.85057965343307,0.70911014,0.3070957011652748,64.53681120105021,0.7306657,0.2997179078456602,50.99019513592785,0.808408,0.3646647640261493,43.86342439892262
0.44174024,0.2710327119886364,71.84705978674423,0.47817916,0.2821965930872893,70.7248188403477,0.48446167,0.27961796382240556,68.6804193347711,0.49589866,0.2698585418874895,67.89698078707183
0.93818325,0.641591640131595,7.0710678118654755,0.951,0.7849598026459298,6.4031242374328485,0.95291024,0.7889654160788886,6.4031242374328485,0.9536723,0.8165982864889659,7.0710678118654755
0.9701914,0.7269510894999688,10.63014581273465,0.9770237,0.7925950245037121,9.055385138137417,0.9740031,0.731656834421467,9.055385138137417,0.9741708,0.7076924693713483,8.54400374531753
0.81705123,0.4732080941475752,51.92301994298868,0.843744,0.4597045843222801,42.05948168962618,0.87003577,0.4728445777321196,63.13477647065839,0.88049406,0.5177702635174024,57.982756057296896
0.2843181,0.13071349273499508,111.50784725749125,0.2820018,0.1392711342280185,111.8257573191436,0.38201213,0.14475510608623016,108.81176406988355,0.47961265,0.15490925526556915,104.48444860360799
0.9369329,0.53164366398678,58.180752831155424,0.95318705,0.6204436063793163,13.341664064126334,0.94133157,0.562158212419816,48.75448697299562,0.9272395,0.5470678527134629,50.59644256269407
0.93194157,0.6423903959846474,14.866068747318506,0.8754732,0.4912536443077077,30.528675044947494,0.8985786,0.4186222667483087,27.294688127912362,0.8588898,0.3516036254294489,27.202941017470888
0.7855683,0.3736471555550718,87.23531395025755,0.81129044,0.4280636413544343,66.52818951391959,0.7985506,0.3660503790080381,54.817880294662984,0.7787234,0.34733986656245397,74.06078584514209
0.88718194,0.4812955030810843,26.0,0.8767834,0.40912123553212637,14.7648230602334,0.90054643,0.46919402622982875,9.0,0.899817,0.4240454914601874,9.0
0.8346043,0.5236434867692835,42.04759208325728,0.7490411,0.4319263341773429,44.181444068749045,0.80172527,0.5557566896323884,44.181444068749045,0.8565437,0.6583499917214689,46.09772228646444
0.9188125,0.6250228310335325,8.48528137423857,0.906415,0.5940008449357309,10.198039027185569,0.91039896,0.5817740906031642,10.44030650891055,0.90870136,0.5508612774436507,9.486832980505138
0.5080398,0.23740971301961108,196.596032513375,0.5289606,0.2522615072886489,69.77105417004964,0.550395,0.282321643029792,71.8679344353238,0.54890513,0.3142541124389284,70.66116330771806
0.4408368,0.3169629586117425,195.97193676646665,0.58649814,0.37518529851761606,77.6659513557904,0.49648136,0.3271258472050583,88.48163651289458,0.45761213,0.282863573848227,92.02173656261873
0.023689877,0.012122524082496117,171.14321488157222,0.0,0.0,161.47445618425226,0.0,0.005876591576770293,154.82893786369524,0.0,0.0,84.86459803710851
0.9227373,0.613471502577959,10.198039027185569,0.943626,0.7256779230229794,6.708203932499369,0.9221362,0.5933587209264066,10.0,0.87371135,0.4236341458104921,13.152946437965905
0.93902713,0.4493687927702377,22.02271554554524,0.93599683,0.4913641722612504,23.345235059857504,0.9414597,0.5410578845492959,22.825424421026653,0.9420192,0.5548697990889755,22.02271554554524
