baseline_dice,tta_dice,baseline_bf1,tta_bf1,baseline_hd95,tta_hd95,dice_delta,bf1_delta
0.9399053,0.954107,0.7810292633505174,0.8828127824599883,8.94427190999916,3.605551275463989,0.014201701,0.10178351910947092
0.9462873,0.9386367,0.8470365101715122,0.8076425124336191,121.23530838827442,5.830951894845301,-0.007650554,-0.039393997737893094
0.9805106,0.9808719,0.9143131590109715,0.9035607189314455,4.123105625617661,4.123105625617661,0.00036132336,-0.010752440079526027
0.969302,0.94639915,0.9210153157385734,0.730262500352308,4.123105625617661,6.708203932499369,-0.022902846,-0.19075281538626543
0.95828635,0.9577742,0.727216653803094,0.7479110020802896,4.123105625617661,5.0,-0.0005121231,0.02069434827719563
0.9520238,0.94984823,0.6902468738211811,0.7519841269766668,13.0,27.16615541441225,-0.0021755695,0.06173725315548573
0.93469447,0.94234484,0.5416986228202306,0.5884471776762206,6.0,6.0,0.0076503754,0.04674855485598994
0.9311861,0.93252784,0.7739141706922656,0.7544718945037102,68.59300255857006,66.52818951391959,0.0013417602,-0.01944227618855543
0.9053831,0.8716539,0.7676608453853488,0.7127703028771823,8.06225774829855,33.734255586866,-0.033729196,-0.054890542508166495
0.95692927,0.958295,0.6484739233252176,0.6524038928684646,10.295630140987,10.295630140987,0.0013657212,0.0039299695432469806
0.9528832,0.9247052,0.7919104856799408,0.7639435037194324,9.848857801796104,25.0,-0.028177977,-0.027966981960508397
0.974334,0.9755076,0.8882387360872187,0.9196092221183378,5.830951894845301,4.123105625617661,0.0011736155,0.03137048603111914
0.9230623,0.9217922,0.6924837848100573,0.6807843780345245,33.301651610693426,33.24154027718932,-0.0012701154,-0.011699406775532828
0.9780922,0.97577715,0.9255275543190294,0.9052877397674176,4.0,5.0,-0.0023150444,-0.020239814551611834
0.931958,0.932693,0.5380823760567746,0.5478912775510414,42.42640687119285,41.773197148410844,0.0007349849,0.00980890149426683
0.9316511,0.95361227,0.5116249020135584,0.5862124857339849,25.96150997149434,18.681541692269406,0.021961153,0.07458758372042651
0.8423669,0.9399171,0.4885554815841106,0.7041696267417457,37.21558813185679,7.280109889280518,0.09755021,0.21561414515763505
0.91389054,0.9036838,0.7116755403240096,0.6870689762537502,17.88854381999832,17.69180601295413,-0.010206759,-0.024606564070259407
0.9793197,0.9798597,0.8471167658457307,0.8668871564070229,6.324555320336759,5.830951894845301,0.0005400181,0.01977039056129215
0.96594274,0.9694992,0.7828676633789157,0.8073723681324603,4.123105625617661,4.123105625617661,0.0035564303,0.024504704753544604
0.9427838,0.92827106,0.684687776462721,0.686005653297956,59.413803110051795,68.0294054067798,-0.014512718,0.0013178768352349879
0.93420756,0.92839575,0.6625584511503737,0.624374042221293,37.21558813185679,38.2099463490856,-0.0058118105,-0.038184408929080704
0.93204206,0.93207425,0.6344487386881933,0.6090096721027802,12.649110640673518,11.661903789690601,3.2186508e-05,-0.02543906658541306
0.97517294,0.97926354,0.7855186330966021,0.8751200150137419,7.211102550927978,8.54400374531753,0.004090607,0.08960138191713984
0.9685898,0.9743465,0.7484371877845807,0.8526779340755648,5.656854249492381,4.47213595499958,0.005756736,0.10424074629098412
0.96417207,0.9704777,0.7783676655762343,0.8692085208517172,5.0,4.0,0.006305635,0.09084085527548291
0.97704124,0.9833096,0.7590745785387433,0.8778666109193557,9.848857801796104,4.242640687119285,0.006268382,0.11879203238061242
0.8561625,0.81142664,0.40605841002569065,0.37164339419579334,44.68780594300866,52.32590180780452,-0.04473585,-0.03441501582989731
0.9218673,0.94498867,0.7544339083125545,0.9255568466995431,5.385164807134504,3.605551275463989,0.023121357,0.17112293838698855
0.96857166,0.9740614,0.9205688331163216,0.959004793907288,3.1622776601683795,2.8284271247461903,0.0054897666,0.03843596079096634
0.93240833,0.9800114,0.7681147424447963,0.9999999999700853,7.280109889280518,2.0,0.04760307,0.231885257525289
0.94251037,0.9575691,0.7043349355197687,0.8904133556673326,5.0,4.0,0.015058756,0.18607842014756393
0.9676518,0.96870184,0.8384474141105629,0.8459490098028682,5.0,4.242640687119285,0.001050055,0.007501595692305352
0.95597625,0.9518771,0.760174418593602,0.688875193160935,8.246211251235321,9.055385138137417,-0.0040991306,-0.07129922543266698
0.9406322,0.9199048,0.9490082832639062,0.8524090733114413,3.605551275463989,6.324555320336759,-0.020727396,-0.09659920995246485
0.9566563,0.9314648,0.7564173770905201,0.7385478643562813,22.47220505424423,32.802438933713454,-0.025191486,-0.017869512734238868
0.0,0.0,0.0,0.0,,,0.0,0.0
0.96840024,0.96893996,0.9500203058474561,0.9509511715196642,3.0,3.0,0.00053972006,0.0009308656722081254
0.8148398,0.23626374,0.37735849055891774,0.27545672722698766,14.560219778561036,40.496913462633174,-0.578576,-0.10190176333193007
0.96793324,0.96688855,0.8794877491243157,0.8502771090993686,4.47213595499958,4.123105625617661,-0.0010446906,-0.02921064002494711
0.8808938,0.90449196,0.7477366992084685,0.7820119988422424,15.811388300841896,13.416407864998739,0.023598135,0.03427529963377385
0.9746484,0.97773176,0.8429714366582274,0.8817974407390817,4.123105625617661,5.0,0.0030833483,0.03882600408085435
0.9085569,0.91526073,0.7838846619002128,0.7752310031560171,18.439088914585774,16.278820596099706,0.0067038536,-0.008653658744195658
0.94641954,0.9474489,0.5313639245908233,0.514256918484344,120.24142381059865,120.24142381059865,0.0010293722,-0.017107006106479306
0.9547805,0.9593069,0.857278485797873,0.8791621555709913,4.0,4.0,0.0045263767,0.021883669773118286
0.9388245,0.9534269,0.7002948720044317,0.806489469742148,8.54400374531753,6.082762530298219,0.014602423,0.10619459773771622
0.9481761,0.9694306,0.5289810770863511,0.7082922610174331,15.231546211727817,12.806248474865697,0.02125454,0.17931118393108203
0.9225985,0.9388936,0.6403860899189023,0.7662126968999119,6.708203932499369,5.656854249492381,0.016295135,0.12582660698100956
0.94213545,0.96478873,0.6957490618651535,0.8923380451786636,10.63014581273465,7.0710678118654755,0.022653282,0.19658898331351005
0.9480606,0.95031226,0.6452430341324925,0.63820897799336,12.649110640673518,8.54400374531753,0.0022516847,-0.00703405613913255
0.9538443,0.96184593,0.7905226822932301,0.861280138301109,8.602325267042627,7.280109889280518,0.008001626,0.07075745600787897
0.91342133,0.9316255,0.4036021517313245,0.5217350880056034,25.298221281347036,15.0,0.018204153,0.1181329362742789
0.9550874,0.94141316,0.6229935761331954,0.6294148919825189,16.1245154965971,22.20360331117452,-0.013674259,0.006421315849323483
0.7900943,0.8065692,0.5362895193664526,0.581848719116323,72.00694410957877,68.41052550594829,0.016474903,0.04555919974987033
0.83928376,0.9433453,0.4727546851977129,0.5973756564912275,24.0,13.0,0.104061544,0.12462097129351457
0.9048094,0.91226256,0.4031746846691004,0.4452185505025194,21.02379604162864,25.96150997149434,0.0074531436,0.042043865833419014
0.91859806,0.93576056,0.6347634898478083,0.6594347701839143,10.0,6.708203932499369,0.017162502,0.024671280336105994
0.91141784,0.92123985,0.6781595658671359,0.7170321105431576,6.324555320336759,5.656854249492381,0.009822011,0.03887254467602175
0.9654125,0.9615418,0.7727348197178915,0.7945641395765339,5.0,9.219544457292887,-0.0038707256,0.02182931985864245
0.8383199,0.8938668,0.48081936429848166,0.5629358178597008,42.720018726587654,55.036351623268054,0.05554688,0.08211645356121916
0.93569064,0.9456981,0.6956148354742104,0.7329524558197402,8.602325267042627,7.211102550927978,0.010007441,0.03733762034552979
0.9537241,0.96010274,0.701211331328406,0.7476052989390277,8.602325267042627,7.211102550927978,0.0063786507,0.046393967610621756
0.9558499,0.96667004,0.6681196046665244,0.7960479887010039,12.041594578792296,5.0,0.01082015,0.12792838403447948
0.8603352,0.88610524,0.6235196084042377,0.6664650283360697,13.152946437965905,11.0,0.025770068,0.042945419931831985
0.9334962,0.9324306,0.6619709481712474,0.6814316258149699,8.602325267042627,8.48528137423857,-0.0010655522,0.0194606776437225
0.96062344,0.9600654,0.8642293506142658,0.920126410813558,5.0,3.605551275463989,-0.0005580187,0.05589706019929219
0.8942673,0.8301397,0.5707562417902143,0.5060471171126523,29.546573405388315,42.720018726587654,-0.064127624,-0.06470912467756207
0.97002435,0.9656877,0.7941468701957121,0.8002853269766408,25.632011235952593,31.04834939252005,-0.004336655,0.006138456780928725
0.95494527,0.94989187,0.932955239078341,0.9008204440372013,3.0,3.1622776601683795,-0.005053401,-0.0321347950411397
0.88655657,0.9016351,0.5372520653241601,0.6104289693073629,47.042533945356304,48.093658625644196,0.015078545,0.07317690398320276
0.9390339,0.9303462,0.597087636671607,0.5402348049303367,6.324555320336759,8.602325267042627,-0.008687735,-0.056852831741270315
0.8635218,0.8739107,0.7221752055870581,0.7030137949018251,24.413111231467404,21.93171219946131,0.010388911,-0.019161410685232916
0.91384023,0.8857173,0.6855062224752928,0.6181359214231614,15.652475842498529,19.697715603592208,-0.028122962,-0.06737030105213138
0.9547147,0.9539276,0.8901141953179497,0.8825073953624598,5.0,5.385164807134504,-0.00078713894,-0.007606799955489851
0.9429455,0.94687897,0.8306056460450449,0.871846619556234,189.1137224000416,5.656854249492381,0.0039334893,0.04124097351118905
0.7021326,0.79244965,0.19389152499550186,0.28133034682743246,90.62008607367353,79.30952023559341,0.09031707,0.08743882183193061
0.9721536,0.9853702,0.8624534531155835,0.9192313816827972,13.601470508735444,5.0990195135927845,0.013216615,0.05677792856721364
0.9178126,0.93076193,0.7347432023886532,0.8521059487297019,4.47213595499958,4.242640687119285,0.0129493475,0.11736274634104871
0.9355263,0.9419795,0.5642644873627071,0.6252658688120325,20.0,18.384776310850235,0.006453216,0.06100138144932543
0.9204266,0.9741787,0.7997987927413807,0.9889868914572039,17.72004514666935,2.8284271247461903,0.053752065,0.1891880987158232
0.95935637,0.9558466,0.7534448680921113,0.7457787165196798,4.47213595499958,7.0710678118654755,-0.00350976,-0.0076661515724315565
0.9160349,0.95480835,0.7510053217750701,0.8413828288603341,89.1852005660132,83.16850365372699,0.038773477,0.09037750708526404
0.95414513,0.96361077,0.7999044651268022,0.9018810270058012,7.280109889280518,5.385164807134504,0.009465635,0.10197656187899895
0.8952293,0.88321364,0.3480825872897319,0.3646736731872805,20.591260281974,22.47220505424423,-0.012015641,0.016591085897548596
0.9212717,0.89392537,0.5124474350157796,0.5447712598151306,64.8459713474939,63.89053137985315,-0.027346313,0.03232382479935103
0.9458929,0.9560274,0.6744980879430547,0.7256292983077984,8.54400374531753,7.280109889280518,0.010134518,0.05113121036474377
0.87007266,0.84567636,0.5175230757081496,0.4463375324717958,168.37161280928564,23.194827009486403,-0.0243963,-0.07118554323635379
0.9596672,0.9779768,0.79561561132919,0.9608125420171638,10.295630140987,3.605551275463989,0.018309593,0.1651969306879738
0.97292536,0.96864593,0.8244562892565083,0.7579220131084222,7.615773105863909,7.615773105863909,-0.0042794347,-0.06653427614808605
0.9127854,0.9127557,0.6545463131215433,0.6670319799851673,21.470910553583888,21.470910553583888,-2.9683113e-05,0.012485666863623957
0.96540564,0.9702728,0.8818380743789533,0.9016642517438552,4.123105625617661,4.47213595499958,0.0048671365,0.019826177364901887
0.967827,0.97112626,0.6641696102411067,0.7078419577524255,6.082762530298219,5.0,0.0032992363,0.043672347511318876
0.7561377,0.71635133,0.18157612483239371,0.1540735873832415,196.4306493396588,189.17980864775183,-0.0397864,-0.02750253744915221
0.93178546,0.88832086,0.6725667432920338,0.5760036746535487,14.317821063276353,22.090722034374522,-0.0434646,-0.09656306863848507
0.949844,0.957721,0.7665732270347576,0.7659518840772613,36.6742416417845,23.259406699226016,0.007876992,-0.0006213429574962737
0.9011928,0.90313953,0.564210331626752,0.609058673303659,29.832867780352597,31.38470965295043,0.0019467473,0.04484834167690699
0.9274035,0.95405406,0.9318616223879286,0.9826049772798934,4.0,2.8284271247461903,0.026650548,0.0507433548919648
0.9139129,0.9241259,0.6200908149308527,0.6639838090696044,8.48528137423857,6.4031242374328485,0.010213017,0.043892994138751695
0.9053942,0.93866205,0.38276923076451974,0.49550793327674325,145.67086187704115,6.082762530298219,0.033267856,0.11273870251222351
0.9762936,0.977035,0.9099009964035117,0.9258849836868205,4.123105625617661,4.123105625617661,0.0007413626,0.015983987283308743
0.92396164,0.9314267,0.8890314303701091,0.901570083223422,3.1622776601683795,3.1622776601683795,0.0074650645,0.012538652853312904
0.9569169,0.9590222,0.5851220646929012,0.5948163705367294,40.024992192379,38.62641583165593,0.0021052957,0.009694305843828244
0.9583641,0.9642157,0.9795314490923884,0.9999999999707593,3.0,2.0,0.005851567,0.02046855087837085
0.9783009,0.9798162,0.9395511287752774,0.9645821299225,3.1622776601683795,3.605551275463989,0.0015152693,0.025031001147222676
0.9636897,0.9658143,0.9039102944312644,0.929402465164363,4.123105625617661,3.605551275463989,0.0021246076,0.025492170733098618
0.97749484,0.97866637,0.9085795548734986,0.9248198025821394,5.0,5.0,0.0011715293,0.016240247708640743
0.97434765,0.9691893,0.9205396314420874,0.849101420849599,3.605551275463989,4.47213595499958,-0.005158365,-0.07143821059248834
0.91189456,0.9381436,0.4969913722880741,0.5432525951463104,15.033296378372908,9.055385138137417,0.026249051,0.046261222858236306
0.9643935,0.968451,0.9018255522100618,0.9102638539251758,187.9627622695517,6.4031242374328485,0.0040575266,0.00843830171511406
0.9888604,0.9816512,0.968181880225143,0.8672475784096964,5.830951894845301,10.295630140987,-0.0072092414,-0.1009343018154466
0.9840211,0.98526806,0.9456936123781812,0.9659280148609527,3.605551275463989,3.605551275463989,0.0012469292,0.02023440248277153
0.8999536,0.9337946,0.7524805680671656,0.7580240228224837,56.32051136131489,6.324555320336759,0.033841014,0.005543454755318145
0.97644484,0.9763915,0.8488773119792944,0.8470505479976298,5.0,5.0,-5.3346157e-05,-0.001826763981664592
0.9508058,0.96020734,0.7166716078547826,0.8063249216789393,8.48528137423857,7.810249675906654,0.00940156,0.08965331382415676
0.72169924,0.6750193,0.40320990721612265,0.4133016627039117,86.57944328765345,80.0,-0.046679914,0.010091755487789067
0.95586544,0.95595056,0.8695426877745318,0.8655134228333125,3.605551275463989,3.1622776601683795,8.511543e-05,-0.004029264941219357
0.92722815,0.9180136,0.8795416457242005,0.855431404495833,17.804493814764857,34.52535300326414,-0.00921458,-0.02411024122836747
0.9504188,0.94745564,0.828418192128072,0.807443381051751,6.708203932499369,5.385164807134504,-0.0029631257,-0.020974811076321043
0.9314852,0.81027997,0.7898763978718083,0.5741913775723138,22.47220505424423,27.16615541441225,-0.12120521,-0.21568502029949455
0.76164526,0.777177,0.48314202092237,0.6429087422201571,128.70508925446578,90.79647570252934,0.015531719,0.15976672129778713
0.83759856,0.39479288,0.39654127883492285,0.2668524500089874,16.278820596099706,36.24913792078372,-0.44280568,-0.12968882882593546
0.96949154,0.97115386,0.9526942327841547,0.9537989840232629,3.605551275463989,3.605551275463989,0.0016623139,0.0011047512391082481
0.97061557,0.9749672,0.7820040210268819,0.798820193665318,20.8806130178211,13.0,0.004351616,0.016816172638436044
